Key,English,French
KEY_FAMILY_NAME_AADLI,Howard,Howard
KEY_FAMILY_NAME_AALTO,Aalto,Aalto
KEY_FAMILY_NAME_ABASI,Abasi,Abasi
KEY_FAMILY_NAME_ABAZA,Abaza,Abaza
KEY_FAMILY_NAME_ABBASOV,Abbasov,Abbasov
KEY_FAMILY_NAME_ABDALLAH,Abdallah,Abdallah
KEY_FAMILY_NAME_ABDOU,Abdou,abdou
KEY_FAMILY_NAME_ABDUL,Abdul,Abdul
KEY_FAMILY_NAME_ABREU,Abreu,Abreu
KEY_FAMILY_NAME_ACHARYA,Acharya,Acharya
KEY_FAMILY_NAME_ACOSTA,Acosta,Acosta
KEY_FAMILY_NAME_ADAM,Adam,Adam
KEY_FAMILY_NAME_ADAMS,Adams,Adams
KEY_FAMILY_NAME_ADONAI,Adonai,Adonaï
KEY_FAMILY_NAME_AFONSO,Afonso,Afonso
KEY_FAMILY_NAME_AGARWAL,Agarwal,Agarwal
KEY_FAMILY_NAME_AGRE,Agre,Agre
KEY_FAMILY_NAME_AGUAS,Aguas,Aguas
KEY_FAMILY_NAME_AHMADI,Ahmadi,Ahmadi
KEY_FAMILY_NAME_AHUJA,Ahuja,Ahuja
KEY_FAMILY_NAME_AIDAN,Aidan,Aidan
KEY_FAMILY_NAME_AKO,Ako,Ako
KEY_FAMILY_NAME_AL-HADDAD,Al-Haddad,Al-Haddad
KEY_FAMILY_NAME_AL-HASHEMI,Al-Hashemi,Al-Hashemi
KEY_FAMILY_NAME_AL-HASSAN,Al-Hassan,Al-Hassan
KEY_FAMILY_NAME_ALBERT,Albert,Albert
KEY_FAMILY_NAME_ALBINUS,Albinus,Albinus
KEY_FAMILY_NAME_ALEXANDER,Alexander,Alexandre
KEY_FAMILY_NAME_ALEXANDROV,Alexandrov,Alexandrov
KEY_FAMILY_NAME_ALI,Ali,Ali
KEY_FAMILY_NAME_ALIYEV,Aliyev,Aliyev
KEY_FAMILY_NAME_ALLEN,Allen,Allen
KEY_FAMILY_NAME_ALLEYNE,Alleyne,Alleyne
KEY_FAMILY_NAME_ALLI,Alli,Alli
KEY_FAMILY_NAME_ALMADA,Almada,Almada
KEY_FAMILY_NAME_ALMEIDA,Almeida,Almeida
KEY_FAMILY_NAME_ALVA,Alva,Alva
KEY_FAMILY_NAME_ALVARES,Alvares,Alvares
KEY_FAMILY_NAME_ALVAREZ,Álvarez,Álvarez
KEY_FAMILY_NAME_AMIN,Amin,Amin
KEY_FAMILY_NAME_AMORIM,Amorim,Amorim
KEY_FAMILY_NAME_ANAND,Anand,Anand
KEY_FAMILY_NAME_ANDERS,Anders,Anders
KEY_FAMILY_NAME_ANDERSON,Anderson,Anderson
KEY_FAMILY_NAME_ANDRADE,Andrade,Andrade
KEY_FAMILY_NAME_ANDRAS,András,András
KEY_FAMILY_NAME_ANTHON,Anthon,Anthon
KEY_FAMILY_NAME_ANTIPAS,Antipas,Antipas
KEY_FAMILY_NAME_ANTONESCU,Antonescu,Antonescu
KEY_FAMILY_NAME_APARICIO,Aparicio,Aparicio
KEY_FAMILY_NAME_ARAFA,Arafa,Arafa
KEY_FAMILY_NAME_ARAP,Arap,Arap
KEY_FAMILY_NAME_ARBI,Arbi,Arbi
KEY_FAMILY_NAME_ARMAO,Armao,Armao
KEY_FAMILY_NAME_ARNOLD,Arnold,Arnold
KEY_FAMILY_NAME_ARRUDA,Arruda,Arruda
KEY_FAMILY_NAME_ASHCROFT,Ashcroft,Ashcroft
KEY_FAMILY_NAME_ASHRAF,Ashraf,Ashraf
KEY_FAMILY_NAME_ATKINSON,Atkinson,Atkinson
KEY_FAMILY_NAME_AVILA,Avila,Avila
KEY_FAMILY_NAME_AYOUB,Ayoub,Ayoub
KEY_FAMILY_NAME_AZEVEDO,Azevedo,Azevedo
KEY_FAMILY_NAME_AZIZ,Aziz,Aziz
KEY_FAMILY_NAME_BABIC,Babić,Babic
KEY_FAMILY_NAME_BAKARI,Bakari,Bakari
KEY_FAMILY_NAME_BAKKER,Bakker,Bakker
KEY_FAMILY_NAME_BAKR,Bakr,Bakr
KEY_FAMILY_NAME_BAKSHI,Bakshi,Bakshi
KEY_FAMILY_NAME_BALAN,Bălan,Bălan
KEY_FAMILY_NAME_BALIK,Balik,Balik
KEY_FAMILY_NAME_BANDA,Banda,Banda
KEY_FAMILY_NAME_BANDERA,Bandera,Bandera
KEY_FAMILY_NAME_BANGO,Bango,Bango
KEY_FAMILY_NAME_BANGOURA,Bangoura,Bangoura
KEY_FAMILY_NAME_BARA,Bara,Bara
KEY_FAMILY_NAME_BARAN,Baran,Baran
KEY_FAMILY_NAME_BARBAS,Barbas,Barbas
KEY_FAMILY_NAME_BARBOSA,Barbosa,Barbosa
KEY_FAMILY_NAME_BARBOZA,Barboza,Barboza
KEY_FAMILY_NAME_BARIS,Baris,Baris
KEY_FAMILY_NAME_BAROS,Baros,Baros
KEY_FAMILY_NAME_BARRETO,Barreto,Barreto
KEY_FAMILY_NAME_BASTO,Basto,Basto
KEY_FAMILY_NAME_BASTOS,Bastos,bastos
KEY_FAMILY_NAME_BAUMGARTNER,Baumgartner,Baumgartner
KEY_FAMILY_NAME_BAYU,Bayu,Bayu
KEY_FAMILY_NAME_BEATTIE,Beattie,Beattie
KEY_FAMILY_NAME_BELA,Béla,béla
KEY_FAMILY_NAME_BELIN,Bělín,Bělín
KEY_FAMILY_NAME_BELO,Belo,Belo
KEY_FAMILY_NAME_BENDA,Benda,Benda
KEY_FAMILY_NAME_BENJAMIN,Benjamin,Benjamin
KEY_FAMILY_NAME_BENSOUSSAN,Bensoussan,Bensoussan
KEY_FAMILY_NAME_BERGER,Berger,Berger
KEY_FAMILY_NAME_BERNARD,Bernard,Bernard
KEY_FAMILY_NAME_BERRY,Berry,Baie
KEY_FAMILY_NAME_BOGDANOV,Bogdanov,bogdanov
KEY_FAMILY_NAME_BOHM,Böhm,Böhm
KEY_FAMILY_NAME_BOLEN,Bolen,Bolen
KEY_FAMILY_NAME_BOMA,Boma,boma
KEY_FAMILY_NAME_BOMANI,Bomani,Bomanis
KEY_FAMILY_NAME_BONAVENTURE,Bonaventure,Bonaventure
KEY_FAMILY_NAME_BORBA,Borba,Borba
KEY_FAMILY_NAME_BORGES,Borges,Borges
KEY_FAMILY_NAME_BORISOV,Borisov,Borisov
KEY_FAMILY_NAME_BOTE,Bote,Bote
KEY_FAMILY_NAME_BOTELHO,Botelho,Botelho
KEY_FAMILY_NAME_BOWEN,Bowen,Bowen
KEY_FAMILY_NAME_BRADLEY,Bradley,Bradley
KEY_FAMILY_NAME_BRAGA,Braga,Braga
KEY_FAMILY_NAME_BRAHIM,Brahim,brahim
KEY_FAMILY_NAME_BRANCO,Branco,Branco
KEY_FAMILY_NAME_BRANDAO,Brandao,Brandao
KEY_FAMILY_NAME_BRAZ,Braz,braz
KEY_FAMILY_NAME_BRITO,Brito,Brito
KEY_FAMILY_NAME_BRODSKY,Brodsky,Brodsky
KEY_FAMILY_NAME_BROOKS,Brooks,Brooks
KEY_FAMILY_NAME_BULA,Bula,Bula
KEY_FAMILY_NAME_BYRNE,Byrne,Byrne
KEY_FAMILY_NAME_BĂLAN,Bălan,Bălan
KEY_FAMILY_NAME_CABRAL,Cabral,Cabral
KEY_FAMILY_NAME_CAETANO,Caetano,Caetano
KEY_FAMILY_NAME_CALDEIRA,Caldeira,Caldeira
KEY_FAMILY_NAME_CAMACHO,Camacho,Camacho
KEY_FAMILY_NAME_CAMARA,Camara,Camara
KEY_FAMILY_NAME_CAMPBELL,Campbell,Campbell
KEY_FAMILY_NAME_CANDIDO,Candido,Candido
KEY_FAMILY_NAME_CARDOSO,Cardoso,Cardoso
KEY_FAMILY_NAME_CARIAS,Carias,Carias
KEY_FAMILY_NAME_CARNEIRO,Carneiro,Carneiro
KEY_FAMILY_NAME_CARR,Carr,Carr
KEY_FAMILY_NAME_CASSIAN,Cassian,Cassien
KEY_FAMILY_NAME_CAVACO,Cavaco,cavaco
KEY_FAMILY_NAME_CAYETANO,Cayetano,Cayetano
KEY_FAMILY_NAME_CHAMBERS,Chambers,Chambers
KEY_FAMILY_NAME_CHAND,Chand,Chand
KEY_FAMILY_NAME_CHARLES,Charles,Charles
KEY_FAMILY_NAME_CHAVEZ,Chavez,Chavez
KEY_FAMILY_NAME_CHICO,Chico,Chico
KEY_FAMILY_NAME_CHOLA,Chola,Chola
KEY_FAMILY_NAME_CHRISTENSEN,Christensen,Christensen
KEY_FAMILY_NAME_CHRISTIE,Christie,Christie
KEY_FAMILY_NAME_CHULA,Chula,Chula
KEY_FAMILY_NAME_CLAES,Claes,Claes
KEY_FAMILY_NAME_CLARK,Clark,Clark
KEY_FAMILY_NAME_CLARKE,Clarke,Clarke
KEY_FAMILY_NAME_CLEMENCE,Clemence,Clemence
KEY_FAMILY_NAME_COELHO,Coelho,Coelho
KEY_FAMILY_NAME_COLLEY,Colley,Colley
KEY_FAMILY_NAME_COLLINS,Collins,Collins
KEY_FAMILY_NAME_COLOMBO,Colombo,Colombo
KEY_FAMILY_NAME_CONTRERAS,Contreras,Contreras
KEY_FAMILY_NAME_CONYERS,Conyers,Conyers
KEY_FAMILY_NAME_CORADO,Corado,Corado
KEY_FAMILY_NAME_CORDEIRO,Cordeiro,Cordeiro
KEY_FAMILY_NAME_CORREIA,Correia,Correia
KEY_FAMILY_NAME_CORTES,Cortés,cortés
KEY_FAMILY_NAME_COSMAS,Cosmas,Cosmas
KEY_FAMILY_NAME_COSTAS,Costas,Costas
KEY_FAMILY_NAME_COTTA,Cotta,Cotta
KEY_FAMILY_NAME_COUPLAND,Coupland,Coupland
KEY_FAMILY_NAME_COURTENAY,Courtenay,Courtenay
KEY_FAMILY_NAME_COUTINHO,Coutinho,Coutinho
KEY_FAMILY_NAME_COUTO,Couto,Couto
KEY_FAMILY_NAME_CRIADO,Criado,Criado
KEY_FAMILY_NAME_CSABA,Csaba,Csaba
KEY_FAMILY_NAME_CUEVAS,Cuevas,Cuevas
KEY_FAMILY_NAME_CUNHA,Cunha,Cunha
KEY_FAMILY_NAME_DADU,Dadu,Dadu
KEY_FAMILY_NAME_DAIMON,Daimon,Daimon
KEY_FAMILY_NAME_DANIELSSON,Danielsson,Danielsson
KEY_FAMILY_NAME_DANSO,Danso,Danso
KEY_FAMILY_NAME_DAOUD,Daoud,Daoud
KEY_FAMILY_NAME_DARRELL,Darrell,Darrell
KEY_FAMILY_NAME_DASS,Dass,Dass
KEY_FAMILY_NAME_DAVID,David,David
KEY_FAMILY_NAME_DAVIES,Davies,Davies
KEY_FAMILY_NAME_DAVIS,Davis,Davis
KEY_FAMILY_NAME_DAWSON,Dawson,Dawson
KEY_FAMILY_NAME_DA_CUNHA,Da Cunha,da Cunha
KEY_FAMILY_NAME_DEWA,Dewa,Dewa
KEY_FAMILY_NAME_DE_SMET,De Smet,de Smet
KEY_FAMILY_NAME_DIALLO,Diallo,Diallo
KEY_FAMILY_NAME_DIAS,Días,días
KEY_FAMILY_NAME_DOMINGUEZ,Dominguez,Dominguez
KEY_FAMILY_NAME_DOMINICK,Dominick,Dominick
KEY_FAMILY_NAME_DRAME,Drame,Dramé
KEY_FAMILY_NAME_DUBOIS,Dubois,Dubois
KEY_FAMILY_NAME_DUMITRESCU,Dumitrescu,Dumitrescu
KEY_FAMILY_NAME_DUMITRU,Dumitru,Dumitru
KEY_FAMILY_NAME_DURHAM,Durham,Durham
KEY_FAMILY_NAME_EBNER,Ebner,Ebner
KEY_FAMILY_NAME_EDER,Eder,Eder
KEY_FAMILY_NAME_EDWARDS,Edwards,Edwards
KEY_FAMILY_NAME_EDWIN,Edwin,Edwin
KEY_FAMILY_NAME_EJIOFOR,Ejiofor,Ejiofor
KEY_FAMILY_NAME_EKSTROM,Ekström,Ekström
KEY_FAMILY_NAME_EL-HADDAD,El-Haddad,El-Haddad
KEY_FAMILY_NAME_ELLIS,Ellis,Ellis
KEY_FAMILY_NAME_EL_MAHDI,El Mahdi,El Mahdi
KEY_FAMILY_NAME_EL_MASRY,El Masry,El Masry
KEY_FAMILY_NAME_EMAN,Eman,Eman
KEY_FAMILY_NAME_EMMANUEL,Emmanuel,Emmanuel
KEY_FAMILY_NAME_ERZSEBET,Erzsébet,Erzsébet
KEY_FAMILY_NAME_ESPOSITO,Esposito,Esposito
KEY_FAMILY_NAME_EVANS,Evans,Evans
KEY_FAMILY_NAME_EZEKIEL,Ezekiel,Ezekiel
KEY_FAMILY_NAME_FARAH,Farah,Farah
KEY_FAMILY_NAME_FARHAT,Farhat,Farhat
KEY_FAMILY_NAME_FARRELL,Farrell,Farrell
KEY_FAMILY_NAME_FAYA,Faya,Faya
KEY_FAMILY_NAME_FIFI,Fifi,fifi
KEY_FAMILY_NAME_FISCHER,Fischer,Fischer
KEY_FAMILY_NAME_FORSBERG,Forsberg,Forsberg
KEY_FAMILY_NAME_FOX,Fox,Renard
KEY_FAMILY_NAME_FRANCIS,Francis,Francis
KEY_FAMILY_NAME_FRANK,Frank,Franc
KEY_FAMILY_NAME_FRIEDRICH,Friedrich,Friedrich
KEY_FAMILY_NAME_FUENTES,Fuentes,Fuentes
KEY_FAMILY_NAME_FUSI,Fusi,Fusi
KEY_FAMILY_NAME_GAMA,Gama,Gama
KEY_FAMILY_NAME_GAMAL,Gamal,Gamal
KEY_FAMILY_NAME_GAMBI,Gambi,Gambi
KEY_FAMILY_NAME_GARCIA,Garcia,Garcia
KEY_FAMILY_NAME_GARDNER,Gardner,Gardner
KEY_FAMILY_NAME_GAUTIER,Gautier,Gautier
KEY_FAMILY_NAME_GELOVANI,Gelovani,Gelovani
KEY_FAMILY_NAME_GEORGE,George,George
KEY_FAMILY_NAME_GEZA,Géza,Géza
KEY_FAMILY_NAME_GIBSON,Gibson,Gibson
KEY_FAMILY_NAME_GIL,Gil,Gil
KEY_FAMILY_NAME_GILL,Gill,lamelle
KEY_FAMILY_NAME_GODOY,Godoy,Godoy
KEY_FAMILY_NAME_GOMEZ,Gómez,Gómez
KEY_FAMILY_NAME_GONZALEZ,Gonzalez,Gonzalez
KEY_FAMILY_NAME_GOOSSENS,Goossens,Goossens
KEY_FAMILY_NAME_GORDON,Gordon,Gordon
KEY_FAMILY_NAME_GOUVEIA,Gouveia,Gouveia
KEY_FAMILY_NAME_GRAHAM,Graham,Graham
KEY_FAMILY_NAME_GRANT,Grant,Subvention
KEY_FAMILY_NAME_GRAY,Gray,gris
KEY_FAMILY_NAME_GREYSON,Greyson,Greyson
KEY_FAMILY_NAME_GRIFFITH,Griffith,Griffith
KEY_FAMILY_NAME_GRIFFITHS,Griffiths,Griffiths
KEY_FAMILY_NAME_GROSS,Groß,Brut
KEY_FAMILY_NAME_GUERRERO,Guerrero,Guerrero
KEY_FAMILY_NAME_GUISSE,Guissé,Guissé
KEY_FAMILY_NAME_GULIYEV,Guliyev,Guliyev
KEY_FAMILY_NAME_GUNTHER,Günther,Günther
KEY_FAMILY_NAME_GUTIERREZ,Gutierrez,Gutierrez
KEY_FAMILY_NAME_GUZMAN,Guzman,Guzman
KEY_FAMILY_NAME_GYORGY,György,György
KEY_FAMILY_NAME_HADAD,Hadad,Hadad
KEY_FAMILY_NAME_HADDAD,Haddad,Haddad
KEY_FAMILY_NAME_HADZIC,Hadžić,Hadžić
KEY_FAMILY_NAME_HAJI,Haji,Haji
KEY_FAMILY_NAME_HAMIDOU,Hamidou,hamidou
KEY_FAMILY_NAME_HAMILTON,Hamilton,Hamilton
KEY_FAMILY_NAME_HARRIS,Harris,Harris
KEY_FAMILY_NAME_HARRISON,Harrison,Harrison
KEY_FAMILY_NAME_HARTMANN,Hartmann,Hartmann
KEY_FAMILY_NAME_HARU,Haru,Haru
KEY_FAMILY_NAME_HARVEY,Harvey,Harvey
KEY_FAMILY_NAME_HASANOV,Hasanov,Hasanov
KEY_FAMILY_NAME_HASANOVIC,Hasanović,Hasanović
KEY_FAMILY_NAME_HE,Hé,Il
KEY_FAMILY_NAME_HEILIG,Heilig,Heilig
KEY_FAMILY_NAME_HENRY,Henry,Henri
KEY_FAMILY_NAME_HERMAN,Herman,Herman
KEY_FAMILY_NAME_HERNANDEZ,Hernández,Hernández
KEY_FAMILY_NAME_HOFER,Hofer,Hofer
KEY_FAMILY_NAME_HOLMGREN,Holmgren,Holmgren
KEY_FAMILY_NAME_HORVAT,Horvat,Horvat
KEY_FAMILY_NAME_HOSSAIN,Hossain,Hossain
KEY_FAMILY_NAME_HOVHANNISYAN,Hovhannisyan,Hovhannisyan
KEY_FAMILY_NAME_HUDSON,Hudson,Hudson
KEY_FAMILY_NAME_HUSEYNOV,Huseynov,Huseynov
KEY_FAMILY_NAME_HUSSAIN,Hussain,Hussain
KEY_FAMILY_NAME_IBRAHIM,Ibrahim,Ibrahim
KEY_FAMILY_NAME_IBRAHIMOV,Ibrahimov,Ibrahimov
KEY_FAMILY_NAME_IBRAHIMOVIC,Ibrahimović,Ibrahimović
KEY_FAMILY_NAME_ILIESCU,Iliescu,Iliescu
KEY_FAMILY_NAME_ILIEV,Iliev,Iliev
KEY_FAMILY_NAME_IMAM,Imam,Imam
KEY_FAMILY_NAME_IMRAN,Imran,Imran
KEY_FAMILY_NAME_IMRE,Imre,Imre
KEY_FAMILY_NAME_INGRAHAM,Ingraham,Ingraham
KEY_FAMILY_NAME_IONESCO,Ionesco,ionesco
KEY_FAMILY_NAME_IONESCU,Ionescu,Ionescu
KEY_FAMILY_NAME_ISHAK,Ishak,Ishak
KEY_FAMILY_NAME_ISSA,Issa,Issa
KEY_FAMILY_NAME_ISTVAN,István,István
KEY_FAMILY_NAME_IVANOVA,Ivanova,Ivanova
KEY_FAMILY_NAME_JABIR,Jabir,Jabir
KEY_FAMILY_NAME_JACKSON,Jackson,Jackson
KEY_FAMILY_NAME_JALALA,Jalala,Jalala
KEY_FAMILY_NAME_JAMAL,Jamal,Jamal
KEY_FAMILY_NAME_JAMES,James,James
KEY_FAMILY_NAME_JAMMEH,Jammeh,Jammeh
KEY_FAMILY_NAME_JANNEH,Janneh,Janneh
KEY_FAMILY_NAME_JANOS,János,János
KEY_FAMILY_NAME_JANSSENS,Janssens,Janssens
KEY_FAMILY_NAME_JARED,Jared,Jared
KEY_FAMILY_NAME_JEAN_BAPTISTE,Jean Baptiste,Jean Baptiste
KEY_FAMILY_NAME_JEAN_LOUIS,Jean Louis,Jean Louis
KEY_FAMILY_NAME_JEN,Jen,Jen
KEY_FAMILY_NAME_JENKINS,Jenkins,Jenkins
KEY_FAMILY_NAME_JEREMIAH,Jeremiah,Jeremiah
KEY_FAMILY_NAME_JESSE,Jesse,Jesse
KEY_FAMILY_NAME_JIMENEZ,Jiménez,Jiménez
KEY_FAMILY_NAME_JINGU,Jingu,Jingu
KEY_FAMILY_NAME_JOBE,Jobe,Jobe
KEY_FAMILY_NAME_JOHN,John,John
KEY_FAMILY_NAME_JOHNSON,Johnson,Johnson
KEY_FAMILY_NAME_JOHNSTON,Johnston,Johnston
KEY_FAMILY_NAME_JONES,Jones,Jones
KEY_FAMILY_NAME_JOSEPH,Joseph,Joseph
KEY_FAMILY_NAME_JURIC,Jurić,Jurić
KEY_FAMILY_NAME_KABIR,Kabir,Kabir
KEY_FAMILY_NAME_KABORE,Kabore,Kabore
KEY_FAMILY_NAME_KAGURA,Kagura,Kagura
KEY_FAMILY_NAME_KAH,Kah,kah
KEY_FAMILY_NAME_KAMIL,Kamil,Kamil
KEY_FAMILY_NAME_KAROLY,Károly,Károly
KEY_FAMILY_NAME_KARONGA,Karonga,Karonga
KEY_FAMILY_NAME_KARTAL,Kartal,Kartal
KEY_FAMILY_NAME_KARZAI,Karzai,Karzai
KEY_FAMILY_NAME_KATALIN,Katalin,Katalin
KEY_FAMILY_NAME_KATEB,Kateb,Kateb
KEY_FAMILY_NAME_KAUR,Kaur,Kaur
KEY_FAMILY_NAME_KAZANTZAKIS,Kazantzakis,Kazantzakis
KEY_FAMILY_NAME_KEITA,Keita,Keita
KEY_FAMILY_NAME_KELLY,Kelly,Kelly
KEY_FAMILY_NAME_KENNEDY,Kennedy,Kennedy
KEY_FAMILY_NAME_KHACHATRYAN,"Khachatryan ",Khachatryan
KEY_FAMILY_NAME_KHALIF,Khalif,Khalif
KEY_FAMILY_NAME_KHAY,Khay,Khay
KEY_FAMILY_NAME_KIBA WANGMO,Kiba Wangmo,Kiba Wangmo
KEY_FAMILY_NAME_KIBA_WANGMO,Kiba Wangmo,Kiba Wangmo
KEY_FAMILY_NAME_KIM,Kim,Kim
KEY_FAMILY_NAME_KISHISHEV,Kishishev,Kishishev
KEY_FAMILY_NAME_KLEIN,Klein,Klein
KEY_FAMILY_NAME_KOBE,Kobe,Kobe
KEY_FAMILY_NAME_KOFFI,Koffi,koffi
KEY_FAMILY_NAME_KOFI,Kofi,Kofi
KEY_FAMILY_NAME_KOHLER,Köhler,köhler
KEY_FAMILY_NAME_KOJO,Kojo,Kojo
KEY_FAMILY_NAME_KOSI,Kosi,Kosi
KEY_FAMILY_NAME_KOVACEVIC,Kovačević,Kovačević
KEY_FAMILY_NAME_KRAMER,Krämer,Krämer
KEY_FAMILY_NAME_KRAUSE,Krause,Krause
KEY_FAMILY_NAME_KREMER,Kremer,Kremer
KEY_FAMILY_NAME_KRISTENSEN,Kristensen,Kristensen
KEY_FAMILY_NAME_KROGH,Krogh,Krogh
KEY_FAMILY_NAME_KRUGER,Krüger,Krüger
KEY_FAMILY_NAME_KUHN,Kühn,Kühn
KEY_FAMILY_NAME_KWASI,Kwasi,Kwasi
KEY_FAMILY_NAME_LAJOS,Lajos,Lajos
KEY_FAMILY_NAME_LAMBERT,Lambert,Lambert
KEY_FAMILY_NAME_LARSSON,Larsson,Larsson
KEY_FAMILY_NAME_LASZLO,László,László
KEY_FAMILY_NAME_LAWRENCE,Lawrence,Lawrence
KEY_FAMILY_NAME_LEBLANC,Leblanc,Leblanc
KEY_FAMILY_NAME_LEFEBVRE,Lefebvre,Lefebvre
KEY_FAMILY_NAME_LEHNER,Lehner,Lehner
KEY_FAMILY_NAME_LEHTONEN,Lehtonen,Lehtonen
KEY_FAMILY_NAME_LEONG,Leong,Leong
KEY_FAMILY_NAME_LEWIS,Lewis,Lewis
KEY_FAMILY_NAME_LIMA,Lima,Lima
KEY_FAMILY_NAME_LINDQVIST,Lindqvist,Lindqvist
KEY_FAMILY_NAME_LINNA,Linna,Linna
KEY_FAMILY_NAME_LOPEZ,Lopez,Lopez
KEY_FAMILY_NAME_LORENZ,Lorenz,Lorenz
KEY_FAMILY_NAME_LOTI,Loti,Loti
KEY_FAMILY_NAME_LOUIS,Louis,Louis
KEY_FAMILY_NAME_LUDWIG,Ludwig,Ludwig
KEY_FAMILY_NAME_LUNGU,Lungu,Lungu
KEY_FAMILY_NAME_MAGED,Maged,Maged
KEY_FAMILY_NAME_MAGHAN,Maghan,Maghan
KEY_FAMILY_NAME_MAHARAJ,Maharaj,Maharaj
KEY_FAMILY_NAME_MALAYA,Malaya,Malaisie
KEY_FAMILY_NAME_MALICK,Malick,Malick
KEY_FAMILY_NAME_MAMMADOV,Mammadov,Mammadov
KEY_FAMILY_NAME_MANCINI,Mancini,Mancini
KEY_FAMILY_NAME_MANDA,Manda,Manda
KEY_FAMILY_NAME_MANGUE,Mangue,Mangue
KEY_FAMILY_NAME_MARIA,Mária,Mária
KEY_FAMILY_NAME_MARIC,Marić,Marić
KEY_FAMILY_NAME_MARINOV,Marinov,Marinov
KEY_FAMILY_NAME_MARKOVIC,Marković,Marković
KEY_FAMILY_NAME_MARSHALL,Marshall,Marshall
KEY_FAMILY_NAME_MARTIN,Martín,Martin
KEY_FAMILY_NAME_MARTINEZ,Martinez,Martinez
KEY_FAMILY_NAME_MARTON,Márton,Márton
KEY_FAMILY_NAME_MATAKA,Mataka,Mataka
KEY_FAMILY_NAME_MATHE,Mathe,Mathe
KEY_FAMILY_NAME_MCDONALD,Mcdonald,Mcdonald
KEY_FAMILY_NAME_MEJIA,Mejía,Mejía
KEY_FAMILY_NAME_MELES,Meles,Meles
KEY_FAMILY_NAME_MELI,Meli,Meli
KEY_FAMILY_NAME_MELINDA,Melinda,Melinda
KEY_FAMILY_NAME_MENDES,Mendes,Mendes
KEY_FAMILY_NAME_MENDOZA,Mendoza,Mendoza
KEY_FAMILY_NAME_MENDY,Mendy,Mendy
KEY_FAMILY_NAME_MENSAH,Mensah,Mensah
KEY_FAMILY_NAME_MERTENS,Mertens,Mertens
KEY_FAMILY_NAME_MICHEL,Michel,Michel
KEY_FAMILY_NAME_MIRONOV,Mironov,Mironov
KEY_FAMILY_NAME_MOLLER,Möller,Möller
KEY_FAMILY_NAME_MOORE,Moore,Moore
KEY_FAMILY_NAME_MORGAN,Morgan,Morgan
KEY_FAMILY_NAME_MORRIS,Morris,Morris
KEY_FAMILY_NAME_MOUSSA,Moussa,Moussa
KEY_FAMILY_NAME_MUJIB,Mujib,Mujib
KEY_FAMILY_NAME_MUMBA,Mumba,Mumba
KEY_FAMILY_NAME_MUNOZ,Muñoz,Muñoz
KEY_FAMILY_NAME_MURATOVIC,Muratović,Muratović
KEY_FAMILY_NAME_MURPHY,Murphy,Murphy
KEY_FAMILY_NAME_MURRAY,Murray,Murray
KEY_FAMILY_NAME_MUSTAFI,Mustafi,Mustafi
KEY_FAMILY_NAME_MWANZA,Mwanza,Mwanza
KEY_FAMILY_NAME_MÜLLER,Müller,Müller
KEY_FAMILY_NAME_NARAYAN,Narayan,Narayan
KEY_FAMILY_NAME_NAWA,Nawa,Nawa
KEY_FAMILY_NAME_NIEMINEN,Nieminen,Nieminen
KEY_FAMILY_NAME_NIETO,Nieto,Nieto
KEY_FAMILY_NAME_NIKULA,Nikula,Nikula
KEY_FAMILY_NAME_NOEL,Noel,Noel
KEY_FAMILY_NAME_NORBU WANGMO,Norbu Wangmo,Norbu Wangmo
KEY_FAMILY_NAME_NORBU_WANGMO,Norbu Wangmo,Norbu Wangmo
KEY_FAMILY_NAME_NOVAK,Novak,Novak
KEY_FAMILY_NAME_NOVIK,Novik,Novik
KEY_FAMILY_NAME_NYIKA,Nyika,nyika
KEY_FAMILY_NAME_OBAMA,Obama,Obama
KEY_FAMILY_NAME_OBRIEN,O'Brien,O'Brien
KEY_FAMILY_NAME_OCONNOR,O'Connor,O'Connor
KEY_FAMILY_NAME_OLIVEIRA,Oliveira,Oliveira
KEY_FAMILY_NAME_OLSSON,Olsson,Olsson
KEY_FAMILY_NAME_OMAR,Omar,Omar
KEY_FAMILY_NAME_ONDO,Ondo,Ondo
KEY_FAMILY_NAME_OSEI,Osei,Osei
KEY_FAMILY_NAME_OSULLIVAN,O'Sullivan,O'Sullivan
KEY_FAMILY_NAME_OWEN,Owen,Owen
KEY_FAMILY_NAME_PAPADOPOULOS,Papadopoulos,Papadopoulos
KEY_FAMILY_NAME_PAPADOPOULOU,Papadopoulou,Papadopoulou
KEY_FAMILY_NAME_PAPARIGA,Papariga,Papariga
KEY_FAMILY_NAME_PEDERSEN,Pedersen,Pedersen
KEY_FAMILY_NAME_PEETERS,Peeters,Peeters
KEY_FAMILY_NAME_PEMA KARZI DEMA,Pema Karzi Dema,Pema Karzi Dema
KEY_FAMILY_NAME_PEMA_KARZI_DEMA,Pema Karzi Dema,Pema Karzi Dema
KEY_FAMILY_NAME_PENA,Peña,Peña
KEY_FAMILY_NAME_PETERSEN,Petersen,Petersen
KEY_FAMILY_NAME_PETRESCU,Petrescu,Petrescu
KEY_FAMILY_NAME_PETROSYAN,Petrosyan,Petrosyan
KEY_FAMILY_NAME_PETROV,Petrov,Petrov
KEY_FAMILY_NAME_PHILLIPS,Phillips,Phillips
KEY_FAMILY_NAME_PICHLER,Pichler,Pichler
KEY_FAMILY_NAME_PIMENTEL,Pimentel,Pimentel
KEY_FAMILY_NAME_PINEDA,Pineda,Pineda
KEY_FAMILY_NAME_POK,Pok,Pok
KEY_FAMILY_NAME_POPESCU,Popescu,popescu
KEY_FAMILY_NAME_POWELL,Powell,Powell
KEY_FAMILY_NAME_RAJA,Raja,Raja
KEY_FAMILY_NAME_RASHID,Rashid,Rashid
KEY_FAMILY_NAME_RASMUSSEN,Rasmussen,Rasmussen
KEY_FAMILY_NAME_RASULOV,Rasulov,Rassoulov
KEY_FAMILY_NAME_RENFRO,Renfro,Renfro
KEY_FAMILY_NAME_REYNOLDS,Reynolds,Reynolds
KEY_FAMILY_NAME_RICHARD,Richard,Richard
KEY_FAMILY_NAME_RICHARDS,Richards,Richards
KEY_FAMILY_NAME_RICHARDSON,Richardson,Richardson
KEY_FAMILY_NAME_RICHTER,Richter,Richter
KEY_FAMILY_NAME_ROBERT,Robert,Robert
KEY_FAMILY_NAME_ROBERTS,Roberts,Roberts
KEY_FAMILY_NAME_ROBERTSON,Robertson,Robertson
KEY_FAMILY_NAME_ROBINSON,Robinson,Robinson
KEY_FAMILY_NAME_RODRIGUEZ,Rodriguez,Rodriguez
KEY_FAMILY_NAME_ROGERS,Rogers,Rogers
KEY_FAMILY_NAME_ROMANO,Romano,Romano
KEY_FAMILY_NAME_ROSE,Rose,Rose
KEY_FAMILY_NAME_ROSS,Ross,Ross
KEY_FAMILY_NAME_ROTH,Roth,Roth
KEY_FAMILY_NAME_ROURE,Roure,roure
KEY_FAMILY_NAME_ROY,Roy,Roy
KEY_FAMILY_NAME_RUSSELL,Russell,Russell
KEY_FAMILY_NAME_RYAN,Ryan,Ryan
KEY_FAMILY_NAME_SADIK,Sadik,Sadik
KEY_FAMILY_NAME_SAHNOUN,Sahnoun,Sahnoun
KEY_FAMILY_NAME_SAHO,Saho,Saho
KEY_FAMILY_NAME_SAID,Said,M'a dit
KEY_FAMILY_NAME_SALAZAR,Salazar,Salazar
KEY_FAMILY_NAME_SALIHOVIC,Salihović,Salihović
KEY_FAMILY_NAME_SAMARAS,Samaras,Samaras
KEY_FAMILY_NAME_SAMUEL,Samuel,Samuel
KEY_FAMILY_NAME_SANCHEZ,Sánchez,Sánchez
KEY_FAMILY_NAME_SARGSYAN,"Sargsyan ",Sarkissian
KEY_FAMILY_NAME_SAUNDERS,Saunders,Saunders
KEY_FAMILY_NAME_SCHAFER,Schäfer,Schäfer
KEY_FAMILY_NAME_SCHMIDT,Schmidt,Schmidt
KEY_FAMILY_NAME_SCHMIT,Schmit,Schmit
KEY_FAMILY_NAME_SCHRODER,Schröder,Schröder
KEY_FAMILY_NAME_SCHULTE,Schulte,Schulte
KEY_FAMILY_NAME_SCHUMACHER,Schumacher,Schumacher
KEY_FAMILY_NAME_SCOTT,Scott,Scott
KEY_FAMILY_NAME_SEIDEL,Seidel,Seidel
KEY_FAMILY_NAME_SHAQIRI,Shaqiri,Shaqiri
KEY_FAMILY_NAME_SHARIF,Sharif,Sharif
KEY_FAMILY_NAME_SHAW,Shaw,Shaw
KEY_FAMILY_NAME_SHAYA,Shaya,Shaya
KEY_FAMILY_NAME_SILVA,Silva,Silva
KEY_FAMILY_NAME_SIMON,Simon,Simon
KEY_FAMILY_NAME_SIMPSON,Simpson,Simpson
KEY_FAMILY_NAME_SISI,Sisi,sisi
KEY_FAMILY_NAME_SMYTH,Smyth,Smyth
KEY_FAMILY_NAME_SOKO,Soko,Soko
KEY_FAMILY_NAME_SOLIMAN,Soliman,Soliman
KEY_FAMILY_NAME_SOLORZANO,Solórzano,Solórzano
KEY_FAMILY_NAME_SONAM PEMA,Sonam Pema,Sonam Pema
KEY_FAMILY_NAME_SONAM_PEMA,Sonam Pema,Sonam Pema
KEY_FAMILY_NAME_SOSA,Sosa,Sosa
KEY_FAMILY_NAME_SOUSA,Sousa,Sousa
KEY_FAMILY_NAME_STEVENS,Stevens,Stevens
KEY_FAMILY_NAME_STEWART,Stewart,Stewart
KEY_FAMILY_NAME_SUAREZ,Suarez,Suarez
KEY_FAMILY_NAME_SULEYMANOV,Suleymanov,Suleymanov
KEY_FAMILY_NAME_SUNDBERG,Sundberg,Sundberg
KEY_FAMILY_NAME_SUSO,Suso,Suso
KEY_FAMILY_NAME_TAHIR,Tahir,Tahir
KEY_FAMILY_NAME_TAMAS,Tamás,Tamás
KEY_FAMILY_NAME_TAMM,Tamm,Tamm
KEY_FAMILY_NAME_TAYLOR,Taylor,Taylor
KEY_FAMILY_NAME_TEKE,Teke,Teke
KEY_FAMILY_NAME_TERZIC,Terzić,Terzić
KEY_FAMILY_NAME_THOMAS,Thomas,Thomas
KEY_FAMILY_NAME_THOMPSON,Thompson,Thompson
KEY_FAMILY_NAME_TODOROV,Todorov,Todorov
KEY_FAMILY_NAME_TORRES,Torres,Torres
KEY_FAMILY_NAME_TREMBLAY,Tremblay,Tremblay
KEY_FAMILY_NAME_UZUN,Uzun,Uzun
KEY_FAMILY_NAME_VACA,Vaca,Vaca
KEY_FAMILY_NAME_VALIYEV,Valiyev,Valiyev
KEY_FAMILY_NAME_VAN DE BERG.,Van de Berg.,Van de Berg.
KEY_FAMILY_NAME_VAN_DE_BERG,Van de Berg.,Van de Berg.
KEY_FAMILY_NAME_VAN_DIJK,Van Dijk,Van Dijk
KEY_FAMILY_NAME_VARGAS,Vargas,Vargas
KEY_FAMILY_NAME_VASQUEZ,Vasquez,Vasquez
KEY_FAMILY_NAME_VELAZQUEZ,Velazquez,Velazquez
KEY_FAMILY_NAME_VERA,Vera,Vera
KEY_FAMILY_NAME_VILAR,Vilar,Vilar
KEY_FAMILY_NAME_VINCENT,Vincent,Vincent
KEY_FAMILY_NAME_VIRTANEN,Virtanen,Virtanen
KEY_FAMILY_NAME_VISSER,Visser,Visser
KEY_FAMILY_NAME_VUKOVIC,Vuković,Vuković
KEY_FAMILY_NAME_WAGNER,Wagner,Wagner
KEY_FAMILY_NAME_WALLNER,Wallner,Wallner
KEY_FAMILY_NAME_WALSH,Walsh,Walsh
KEY_FAMILY_NAME_WALTER,Walter,Walter
KEY_FAMILY_NAME_WATSON,Watson,Watson
KEY_FAMILY_NAME_WAWA,Wawa,Wawa
KEY_FAMILY_NAME_WEBB,Webb,Webb
KEY_FAMILY_NAME_WEBER,Weber,Weber
KEY_FAMILY_NAME_WERNER,Werner,Werner
KEY_FAMILY_NAME_WILKINSON,Wilkinson,Wilkinson
KEY_FAMILY_NAME_WILLEMS,Willems,Willems
KEY_FAMILY_NAME_WOUTERS,Wouters,Wouters
KEY_FAMILY_NAME_WRIGHT,Wright,Wright
KEY_FAMILY_NAME_XU,Xú,XU
KEY_FAMILY_NAME_YAHYA,Yahya,Yahya
KEY_FAMILY_NAME_YANGCHEN LHAMO,Yangchen Lhamo,Yangchen Lhamo
KEY_FAMILY_NAME_YANGCHEN_LHAMO,Yangchen Lhamo,Yangchen Lhamo
KEY_FAMILY_NAME_YOHANNES,Yohannes,Yohannes
KEY_FAMILY_NAME_YOUSSOUF,Youssouf,youssouf
KEY_FAMILY_NAME_YUSOF,Yusof,Yusof
KEY_FAMILY_NAME_ZAIDI,Zaidi,Zaidi
KEY_FAMILY_NAME_ZAINUDDIN,Zainuddin,Zainuddin
KEY_FAMILY_NAME_ZAMBRANO,Zambrano,Zambrano
KEY_FAMILY_NAME_ZELAYA,Zelaya,Zelaya
KEY_FAMILY_NAME_ZOLTAN,Zoltán,Zoltán
KEY_FAMILY_NAME_ZSUZSANNA,Zsuzsanna,Zsuzsanna
KEY_FIRST_NAME_AARON,Aarón,Aarón
KEY_FIRST_NAME_ABEL,Abel,Abel
KEY_FIRST_NAME_ABRIL,Abril,Abril
KEY_FIRST_NAME_ADAM,Adam,Adam
KEY_FIRST_NAME_ADELA,Adela,Adela
KEY_FIRST_NAME_ADELE,Adele,Adele
KEY_FIRST_NAME_ADRIA,Adrià,Adrià
KEY_FIRST_NAME_ADRIAN,Adrián,Adrián
KEY_FIRST_NAME_ADRIANNA,Adrianna,Adrianna
KEY_FIRST_NAME_AGNES,Agnes,Agnes
KEY_FIRST_NAME_AGON,Agon,Agon
KEY_FIRST_NAME_AGUSTIN,Agustín,Agustín
KEY_FIRST_NAME_AIDAN,Aidan,Aidan
KEY_FIRST_NAME_AINA,Aina,Aina
KEY_FIRST_NAME_AINE,Aine,Aine
KEY_FIRST_NAME_AITANA,Aitana,Aitana
KEY_FIRST_NAME_AKE,Åke,Åke
KEY_FIRST_NAME_AKSEL,Aksel,aksel
KEY_FIRST_NAME_ALAN,Alan,Alan
KEY_FIRST_NAME_ALBERT,Albert,Albert
KEY_FIRST_NAME_ALEJANDRA,Alejandra,Alejandra
KEY_FIRST_NAME_ALEKSANDER,Aleksander,Aleksander
KEY_FIRST_NAME_ALEKSI,Aleksi,Aleksi
KEY_FIRST_NAME_ALEXANDER,Alexander,Alexandre
KEY_FIRST_NAME_ALEXANDR,Alexandr,Alexandr
KEY_FIRST_NAME_ALEXANDRA,Alexandra,Alexandra
KEY_FIRST_NAME_ALEXANDRE,Alexandre,Alexandre
KEY_FIRST_NAME_ALFRED,Alfred,Alfred
KEY_FIRST_NAME_ALI,Ali,Ali
KEY_FIRST_NAME_ALIA,Alia,Alia
KEY_FIRST_NAME_ALICE,Alice,Alice
KEY_FIRST_NAME_ALICIA,Alicia,Alicia
KEY_FIRST_NAME_ALINA,Alina,Alina
KEY_FIRST_NAME_ALISA,Alisa,Alisa
KEY_FIRST_NAME_ALONSO,Alonso,Alonso
KEY_FIRST_NAME_ALYSSA,Alyssa,Alyssa
KEY_FIRST_NAME_AMAL,Amal,amal
KEY_FIRST_NAME_AMALIE,Amalie,Amalie
KEY_FIRST_NAME_AMANDA,Amanda,Amanda
KEY_FIRST_NAME_AMELIA,Amelia,Amelia
KEY_FIRST_NAME_AMINA,Amina,Amina
KEY_FIRST_NAME_AMY,Amy,Amy
KEY_FIRST_NAME_ANA PAULA,Ana Paula,Ana Paula
KEY_FIRST_NAME_ANAIS,Anaïs,anaïs
KEY_FIRST_NAME_ANAS,Anas,Anas
KEY_FIRST_NAME_ANASTASIA,Anastasia,Anastasia
KEY_FIRST_NAME_ANATOLE,Anatole,Anatole
KEY_FIRST_NAME_ANDERS,Anders,Anders
KEY_FIRST_NAME_ANDRANIK,Andranik,Andranik
KEY_FIRST_NAME_ANDRAS,András,András
KEY_FIRST_NAME_ANETA,Aneta,Aneta
KEY_FIRST_NAME_ANGEL,Ángel,Ange
KEY_FIRST_NAME_ANI,Ani,Ani
KEY_FIRST_NAME_ANITA,Anita,Anita
KEY_FIRST_NAME_ANNA,Anna,Anna
KEY_FIRST_NAME_ANNABELLE,Annabelle,Annabelle
KEY_FIRST_NAME_ANNE,Anne,Anne
KEY_FIRST_NAME_ANNIE,Annie,Annie
KEY_FIRST_NAME_ANTERO,Antero,Antero
KEY_FIRST_NAME_ANTHONY,Anthony,Anthony
KEY_FIRST_NAME_ANTON,Anton,Anton
KEY_FIRST_NAME_ANTONELLA,Antonella,Antonella
KEY_FIRST_NAME_ANTONI,Antoni,Antoni
KEY_FIRST_NAME_ANTONIA,Antonia,Antonia
KEY_FIRST_NAME_ANTONIN,Antonin,Antonin
KEY_FIRST_NAME_ANTONIO,Antonio,Antonio
KEY_FIRST_NAME_APOLONIA,Apolonia,Apolonia
KEY_FIRST_NAME_ARAM,Aram,Aram
KEY_FIRST_NAME_ARCHIE,Archie,Archie
KEY_FIRST_NAME_ARLO,Arlo,Arlo
KEY_FIRST_NAME_ARMAS,Armas,Armas
KEY_FIRST_NAME_ARMEN,Armen,Armen
KEY_FIRST_NAME_ARSEN,Arsen,Arsen
KEY_FIRST_NAME_ARSENE,Arsène,Arsène
KEY_FIRST_NAME_ARTHUR,Arthur,Arthur
KEY_FIRST_NAME_ARTUR,Artur,Artur
KEY_FIRST_NAME_ARTYOM,Artyom,Artyom
KEY_FIRST_NAME_ASHER,Asher,Asher
KEY_FIRST_NAME_ASHURA,Ashura,Achoura
KEY_FIRST_NAME_ASIA,Asia,Asie
KEY_FIRST_NAME_ATTICUS,Atticus,Atticus
KEY_FIRST_NAME_AUDREY,Audrey,Audrey
KEY_FIRST_NAME_AURORA,Aurora,Aurore
KEY_FIRST_NAME_AUSTIN,Austin,Austin
KEY_FIRST_NAME_AYA,Aya,Aya
KEY_FIRST_NAME_AYAZ,Ayaz,Ayaz
KEY_FIRST_NAME_AYLA,Ayla,Ayla
KEY_FIRST_NAME_AYNUR,Aynur,Aynur
KEY_FIRST_NAME_AYOUB,Ayoub,Ayoub
KEY_FIRST_NAME_AÏCHA,Aïcha,Aïcha
KEY_FIRST_NAME_BALAZS,Balázs,Balázs
KEY_FIRST_NAME_BALINT,Bálint,Bálint
KEY_FIRST_NAME_BAPTISTE,Baptiste,Baptiste
KEY_FIRST_NAME_BARBARA,Barbara,Barbara
KEY_FIRST_NAME_BARBORA,Barbora,Barbora
KEY_FIRST_NAME_BARNABAS,Barnabas,Barnabé
KEY_FIRST_NAME_BARRY,Barry,Barry
KEY_FIRST_NAME_BARTOSZ,Bartosz,Bartosz
KEY_FIRST_NAME_BASMA,Basma,Basma
KEY_FIRST_NAME_BAUTISTA,Bautista,Bautista
KEY_FIRST_NAME_BEATRICE,Beatrice,Beatrice
KEY_FIRST_NAME_BEATRIZ,Beatriz,Beatriz
KEY_FIRST_NAME_BECKY,Becky,Becky
KEY_FIRST_NAME_BELLA,Bella,Bella
KEY_FIRST_NAME_BEN,Ben,Ben
KEY_FIRST_NAME_BENCE,Bence,Bence
KEY_FIRST_NAME_BENGT,Bengt,Bengt
KEY_FIRST_NAME_BENJAMIN,Benjamin,Benjamin
KEY_FIRST_NAME_BERTHA,Bertha,Berthe
KEY_FIRST_NAME_BETHANY,Bethany,Bethany
KEY_FIRST_NAME_BILL,Bill,Facture
KEY_FIRST_NAME_BILLY,Billy,Gamelle
KEY_FIRST_NAME_BIRGIT,Birgit,Birgit
KEY_FIRST_NAME_BIRGITTA,Birgitta,Birgitta
KEY_FIRST_NAME_BJORN,Björn,Björn
KEY_FIRST_NAME_BLAKE,Blake,Blake
KEY_FIRST_NAME_BLANCA,Blanca,Blanca
KEY_FIRST_NAME_BOBBY,Bobby,Policier
KEY_FIRST_NAME_BOEL,Boel,boel
KEY_FIRST_NAME_BRADLEY,Bradley,Bradley
KEY_FIRST_NAME_BRAHIM,Brahim,brahim
KEY_FIRST_NAME_BRAM,Bram,Bram
KEY_FIRST_NAME_BRAXTON,Braxton,Braxton
KEY_FIRST_NAME_BRIAN,Brian,Brian
KEY_FIRST_NAME_CAITLIN,Caitlin,Caitlin
KEY_FIRST_NAME_CALEB,Caleb,Caleb
KEY_FIRST_NAME_CALLUM,Callum,Callum
KEY_FIRST_NAME_CAMILLA,Camilla,Camilla
KEY_FIRST_NAME_CAMILLE,Camille,Camille
KEY_FIRST_NAME_CAMILO,Camilo,Camilo
KEY_FIRST_NAME_CARLOTA,Carlota,Carlota
KEY_FIRST_NAME_CARLOTTA,Carlotta,Carlotta
KEY_FIRST_NAME_CAROLINA,Carolina,Carolina
KEY_FIRST_NAME_CAROLINE,Caroline,Caroline
KEY_FIRST_NAME_CECILIA,Cecilia,Cecilia
KEY_FIRST_NAME_CEDRIC,Cedric,Cédric
KEY_FIRST_NAME_CELIA,Celia,Celia
KEY_FIRST_NAME_CELINA,Celina,Celina
KEY_FIRST_NAME_CHARLES,Charles,Charles
KEY_FIRST_NAME_CHARLIE,Charlie,Charlie
KEY_FIRST_NAME_CHRIS,Chris,Chris
KEY_FIRST_NAME_CHRISTA,Christa,Christa
KEY_FIRST_NAME_CHRISTER,Christer,Christer
KEY_FIRST_NAME_CHRISTIAN,Christian,Christian
KEY_FIRST_NAME_CHRISTINA,Christina,Christina
KEY_FIRST_NAME_CHRISTOPHER,Christopher,Christopher
KEY_FIRST_NAME_CIAN,Cian,Cian
KEY_FIRST_NAME_CIARAN,Ciaran,Ciaran
KEY_FIRST_NAME_CLARA,Clara,Clara
KEY_FIRST_NAME_CLEMENCE,Clémence,Clémence
KEY_FIRST_NAME_CONCEPCION,Concepcion,Concepcion
KEY_FIRST_NAME_CONNOR,Connor,Connor
KEY_FIRST_NAME_CONOR,Conor,Conor
KEY_FIRST_NAME_CONSTANCE,Constance,Constance
KEY_FIRST_NAME_CORMAC,Cormac,Cormac
KEY_FIRST_NAME_DAAN,Daan,Daan
KEY_FIRST_NAME_DAGMARA,Dagmara,Dagmara
KEY_FIRST_NAME_DAN,Dan,Dan
KEY_FIRST_NAME_DANIEL,Daniel,Daniel
KEY_FIRST_NAME_DANNY,Danny,Danny
KEY_FIRST_NAME_DARA,Dara,Dara
KEY_FIRST_NAME_DARAGH,Daragh,Daragh
KEY_FIRST_NAME_DARIA,Daria,Daria
KEY_FIRST_NAME_DARRAGH,Darragh,Darragh
KEY_FIRST_NAME_DARREN,Darren,Darren
KEY_FIRST_NAME_DAVID,David,David
KEY_FIRST_NAME_DAWOOD,Dawood,Dawood
KEY_FIRST_NAME_DEBORA,Debora,Debora
KEY_FIRST_NAME_DECLAN,Declan,Declan
KEY_FIRST_NAME_DENIS,Denis,Denis
KEY_FIRST_NAME_DENNIS,Dennis,Dennis
KEY_FIRST_NAME_DIANA,Diana,Diane
KEY_FIRST_NAME_DIEGO,Diego,Diego
KEY_FIRST_NAME_DIEGO_ALEJANDRO,Diego Alejandro,Diego Alejandro
KEY_FIRST_NAME_DOMENICO,Domenico,Domenico
KEY_FIRST_NAME_DONAL,Donal,Donal
KEY_FIRST_NAME_DORA,Dora,Dora
KEY_FIRST_NAME_DORIAN,Dorian,dorique
KEY_FIRST_NAME_DOROTA,Dorota,Dorota
KEY_FIRST_NAME_DOROTEA,Dorotea,Dorotea
KEY_FIRST_NAME_EDEN,Eden,Eden
KEY_FIRST_NAME_EDGAR,Edgar,Edgar
KEY_FIRST_NAME_EDITH,Edith,Edith
KEY_FIRST_NAME_EDOARDO,Edoardo,Edoardo
KEY_FIRST_NAME_EDSON,Edson,Edson
KEY_FIRST_NAME_EDUARD,Eduard,Eduard
KEY_FIRST_NAME_EDUARDO,Eduardo,Eduardo
KEY_FIRST_NAME_EDWARD,Edward,Edward
KEY_FIRST_NAME_EITAN,Eitan,Eitan
KEY_FIRST_NAME_ELDA,Elda,Elda
KEY_FIRST_NAME_ELEANOR,Eleanor,Eleanor
KEY_FIRST_NAME_ELENA,Elena,Elena
KEY_FIRST_NAME_ELIAS,Elías,Elías
KEY_FIRST_NAME_ELIF,Elif,Elif
KEY_FIRST_NAME_ELIJAH,Elijah,Elie
KEY_FIRST_NAME_ELINE,Eline,Eline
KEY_FIRST_NAME_ELISABETH,Elisabeth,Elisabeth
KEY_FIRST_NAME_ELIZA,Eliza,Eliza
KEY_FIRST_NAME_ELIZABETH,Elizabeth,Elizabeth
KEY_FIRST_NAME_ELKE,Elke,Elke
KEY_FIRST_NAME_ELLA,Ella,Ella
KEY_FIRST_NAME_ELLEN,Ellen,Ellen
KEY_FIRST_NAME_ELLIOT,Elliot,Elliot
KEY_FIRST_NAME_ELNUR,Elnur,Elnur
KEY_FIRST_NAME_ELSA,Elsa,Elsa
KEY_FIRST_NAME_ELSIE,Elsie,Elsie
KEY_FIRST_NAME_ELZBIETA,Elzbieta,Elzbieta
KEY_FIRST_NAME_EMA,Ema,Ema
KEY_FIRST_NAME_EMAD,Emad,Emad
KEY_FIRST_NAME_EMAN,Eman,Eman
KEY_FIRST_NAME_EMIL,Emil,Emil
KEY_FIRST_NAME_EMILIA,Emilia,Emilia
KEY_FIRST_NAME_EMILIANO,Emiliano,Emiliano
KEY_FIRST_NAME_EMILIO,Emilio,Emilio
KEY_FIRST_NAME_EMILY,Emily,Emilie
KEY_FIRST_NAME_EMINA,Emina,Emina
KEY_FIRST_NAME_EMMA,Emma,Emma
KEY_FIRST_NAME_EMMANUEL,Emmanuel,Emmanuel
KEY_FIRST_NAME_ERIC,Eric,Eric
KEY_FIRST_NAME_ERNST,Ernst,Ernst
KEY_FIRST_NAME_ERWAN,Erwan,erwan
KEY_FIRST_NAME_ESTELLE,Estelle,Estelle
KEY_FIRST_NAME_ESTHER,Esther,Esther
KEY_FIRST_NAME_ETHAN,Ethan,Ethan
KEY_FIRST_NAME_EVA,Eva,Eva
KEY_FIRST_NAME_EVE,Eve,Veille
KEY_FIRST_NAME_EVELYN,Evelyn,Evelyn
KEY_FIRST_NAME_EVIE,Evie,Evie
KEY_FIRST_NAME_FABIANA,Fabiana,Fabiana
KEY_FIRST_NAME_FACUNDO,Facundo,Facundo
KEY_FIRST_NAME_FATMA,Fatma,fatma
KEY_FIRST_NAME_FELIPE,Felipe,Felipe
KEY_FIRST_NAME_FELIX,Felix,Felix
KEY_FIRST_NAME_FERNANDO,Fernando,Fernando
KEY_FIRST_NAME_FIONN,Fionn,Fionn
KEY_FIRST_NAME_FLORA,Flora,Flore
KEY_FIRST_NAME_FRANCISCO,Francisco,Francisco
KEY_FIRST_NAME_FRANCISZEK,Franciszek,Franciszek
KEY_FIRST_NAME_FRANK,Frank,Franc
KEY_FIRST_NAME_FRANKIE,Frankie,Frankie
KEY_FIRST_NAME_FRIDA,Frida,Frida
KEY_FIRST_NAME_FRIEDA,Frieda,Frieda
KEY_FIRST_NAME_FRIEDRICH,Friedrich,Friedrich
KEY_FIRST_NAME_GABRIEL,Gabriel,Gabriel
KEY_FIRST_NAME_GABRIELLE,Gabrielle,Gabrielle
KEY_FIRST_NAME_GAGIK,Gagik,Gagik
KEY_FIRST_NAME_GEORGE,George,George
KEY_FIRST_NAME_GERTRUD,Gertrud,Gertrud
KEY_FIRST_NAME_GEVORG,Gevorg,Gevorg
KEY_FIRST_NAME_GIORGIO,Giorgio,Giorgio
KEY_FIRST_NAME_GIULIO,Giulio,Giulio
KEY_FIRST_NAME_GORAN,Göran,Göran
KEY_FIRST_NAME_GRETA,Greta,Greta
KEY_FIRST_NAME_GRIGOR,Grigor,Grigor
KEY_FIRST_NAME_GUILLAUME,Guillaume,Guillaume
KEY_FIRST_NAME_GUNNAR,Gunnar,Gunnar
KEY_FIRST_NAME_GUNTER,Günter,Günter
KEY_FIRST_NAME_HAMEED,Hameed,Hameed
KEY_FIRST_NAME_HAMISH,Hamish,Hamish
KEY_FIRST_NAME_HAMZA,Hamza,Hamza
KEY_FIRST_NAME_HANI,Hani,Hani
KEY_FIRST_NAME_HANIYA,Haniya,Haniya
KEY_FIRST_NAME_HANNA,Hanna,Hanna
KEY_FIRST_NAME_HARRIET,Harriet,Harriet
KEY_FIRST_NAME_HARRISON,Harrison,Harrison
KEY_FIRST_NAME_HARVEY,Harvey,Harvey
KEY_FIRST_NAME_HEIKE,Heike,Heike
KEY_FIRST_NAME_HELEN,Helen,Helen
KEY_FIRST_NAME_HELMER,Helmer,Helmer
KEY_FIRST_NAME_HELMI,Helmi,Helmi
KEY_FIRST_NAME_HELOISE,Heloise,Héloïse
KEY_FIRST_NAME_HEMMING,Hemming,faire l'ourlet
KEY_FIRST_NAME_HENRIK,Henrik,Henrik
KEY_FIRST_NAME_HENRY,Henry,Henri
KEY_FIRST_NAME_HERBERT,Herbert,Herbert
KEY_FIRST_NAME_HERMANN,Hermann,Hermann
KEY_FIRST_NAME_HILDA,Hilda,Hilda
KEY_FIRST_NAME_HILDEGARD,Hildegard,Hildegarde
KEY_FIRST_NAME_HILLA,Hilla,hilla
KEY_FIRST_NAME_HUBERT,Hubert,Hubert
KEY_FIRST_NAME_HUDA,Huda,Huda
KEY_FIRST_NAME_HUGH,Hugh,Hugh
KEY_FIRST_NAME_HUGO,Hugo,Hugo
KEY_FIRST_NAME_HUSSAIN,Hussain,Hussain
KEY_FIRST_NAME_HÅKAN,Håkan,Håkan
KEY_FIRST_NAME_IAN,Ian,Ian
KEY_FIRST_NAME_IBRAHIM,Ibrahim,Ibrahim
KEY_FIRST_NAME_IDA,Ida,Ida
KEY_FIRST_NAME_IGNACY,Ignacy,Ignacy
KEY_FIRST_NAME_IGOR,Igor,Igor
KEY_FIRST_NAME_IHSAN,Ihsan,Ihsan
KEY_FIRST_NAME_IIDA,Iida,Iida
KEY_FIRST_NAME_IKER,Iker,Iker
KEY_FIRST_NAME_ILSE,Ilse,ilse
KEY_FIRST_NAME_ILYAS,Ilyas,Ilyas
KEY_FIRST_NAME_IMOGEN,Imogen,Imogen
KEY_FIRST_NAME_IMRAN,Imran,Imran
KEY_FIRST_NAME_INDIANA,Indiana,Indiana
KEY_FIRST_NAME_INDIE,Indie,Indie
KEY_FIRST_NAME_INGEBORG,Ingeborg,Ingeborg
KEY_FIRST_NAME_INGEMAR,Ingemar,Ingemar
KEY_FIRST_NAME_INGER,Inger,Inger
KEY_FIRST_NAME_INKA,Inka,Inka
KEY_FIRST_NAME_IRENE,Irene,Irene
KEY_FIRST_NAME_IRVING,Irving,Irving
KEY_FIRST_NAME_ISAAC,Isaac,Isaac
KEY_FIRST_NAME_ISABEL,Isabel,Isabel
KEY_FIRST_NAME_ISABELLA,Isabella,Isabella
KEY_FIRST_NAME_ISAK,Isak,Isak
KEY_FIRST_NAME_ISLA,Isla,Isla
KEY_FIRST_NAME_ISTVAN,Istvan,Istvan
KEY_FIRST_NAME_IVAN,Ivan,Ivan
KEY_FIRST_NAME_IVAR,Ivar,Ivar
KEY_FIRST_NAME_IWO,Iwo,Iwo
KEY_FIRST_NAME_IZABELA,Izabela,Izabela
KEY_FIRST_NAME_IZZY,Izzy,Izzy
KEY_FIRST_NAME_JACK,Jack,Jack
KEY_FIRST_NAME_JACKSON,Jackson,Jackson
KEY_FIRST_NAME_JACOB,Jacob,Jacob
KEY_FIRST_NAME_JACOBO,Jacobo,Jacobo
KEY_FIRST_NAME_JAGODA,Jagoda,Jagoda
KEY_FIRST_NAME_JAKE,Jake,Jake
KEY_FIRST_NAME_JALIL,Jalil,Jalil
KEY_FIRST_NAME_JAMES,James,James
KEY_FIRST_NAME_JAMIE,Jamie,Jamie
KEY_FIRST_NAME_JAMIL,Jamil,Jamil
KEY_FIRST_NAME_JAMILA,Jamila,Jamila
KEY_FIRST_NAME_JANOS,János,János
KEY_FIRST_NAME_JASON,Jason,Jason
KEY_FIRST_NAME_JASPER,Jasper,Jaspe
KEY_FIRST_NAME_JAYDEN,Jayden,Jayden
KEY_FIRST_NAME_JEANNE,Jeanne,Jeanne
KEY_FIRST_NAME_JENNIFER,Jennifer,Jennifer
KEY_FIRST_NAME_JENNY,Jenny,Jenny
KEY_FIRST_NAME_JERONIMO,Jerónimo,Jerónimo
KEY_FIRST_NAME_JESS,Jess,Jess
KEY_FIRST_NAME_JESSE,Jesse,Jesse
KEY_FIRST_NAME_JESSICA,Jessica,Jessica
KEY_FIRST_NAME_JESUS,Jesús,Jésus
KEY_FIRST_NAME_JOANNA,Joanna,Joanna
KEY_FIRST_NAME_JOAQUIN,Joaquín,Joaquín
KEY_FIRST_NAME_JOE,Joe,Joe
KEY_FIRST_NAME_JOHN,John,John
KEY_FIRST_NAME_JOHNSON,Johnson,Johnson
KEY_FIRST_NAME_JONATHAN,Jonathan,Jonathan
KEY_FIRST_NAME_JORDAN,Jordan,Jordan
KEY_FIRST_NAME_JORG,Jörg,Jörg
KEY_FIRST_NAME_JORGEN,Jörgen,Jörgen
KEY_FIRST_NAME_JOSE,José,José
KEY_FIRST_NAME_JOSEFA,Josefa,Josefa
KEY_FIRST_NAME_JOSEFINA,Josefina,Josefina
KEY_FIRST_NAME_JOSEPH,Joseph,Joseph
KEY_FIRST_NAME_JOSHUA,Joshua,Joshua
KEY_FIRST_NAME_JOSUE,Josué,josué
KEY_FIRST_NAME_JOZEF,Jozef,Jozef
KEY_FIRST_NAME_JUAN CARLOS,Juan Carlos,Juan Carlos
KEY_FIRST_NAME_JUAN DIEGO,Juan Diego,Juan Diego
KEY_FIRST_NAME_JUAN MARTIN,Juan Martín,Juan Martín
KEY_FIRST_NAME_JUANA,Juana,Juana
KEY_FIRST_NAME_JUAN_JOSE,Juan José,Juan Jose
KEY_FIRST_NAME_JUAN_PABLO,Juan Pablo,Juan Pablo
KEY_FIRST_NAME_JUAN_SEBASTIAN,Juan Sebastián,Juan Sebastián
KEY_FIRST_NAME_JUHANI,Juhani,Juhani
KEY_FIRST_NAME_JULIA,Julia,Julia
KEY_FIRST_NAME_JULIAN,Julián,Julien
KEY_FIRST_NAME_JULIANA,Juliana,Juliana
KEY_FIRST_NAME_JULIUS,Julius,Julius
KEY_FIRST_NAME_JULIUSZ,Juliusz,Juliusz
KEY_FIRST_NAME_JUMA,Juma,Juma
KEY_FIRST_NAME_KAI,Kai,Kai
KEY_FIRST_NAME_KAJA,Kaja,Kaja
KEY_FIRST_NAME_KALEVI,Kalevi,Kalevi
KEY_FIRST_NAME_KAMIL,Kamil,Kamil
KEY_FIRST_NAME_KAMILA,Kamila,Kamila
KEY_FIRST_NAME_KARL,Karl,Karl
KEY_FIRST_NAME_KARNA,Karna,Karna
KEY_FIRST_NAME_KASPAR,Kaspar,Kaspar
KEY_FIRST_NAME_KATE,Kate,Kate
KEY_FIRST_NAME_KATIE,Katie,Katie
KEY_FIRST_NAME_KATO,Kato,Kato
KEY_FIRST_NAME_KAYLEIGH,Kayleigh,Kayleigh
KEY_FIRST_NAME_KAZIMIERZ,Kazimierz,Kazimierz
KEY_FIRST_NAME_KEITH,Keith,Keith
KEY_FIRST_NAME_KERSTIN,Kerstin,Kerstin
KEY_FIRST_NAME_KHALID,Khalid,Khalid
KEY_FIRST_NAME_KHAMIS,Khamis,Khamis
KEY_FIRST_NAME_KIAN,Kian,Kian
KEY_FIRST_NAME_KIERAN,Kieran,Kieran
KEY_FIRST_NAME_KILLIAN,Killian,Killian
KEY_FIRST_NAME_KIRILL,Kirill,Kirill
KEY_FIRST_NAME_KIRSTY,Kirsty,Kirsty
KEY_FIRST_NAME_KLAS,Klas,Klas
KEY_FIRST_NAME_KLAUS,Klaus,Klaus
KEY_FIRST_NAME_KNUT,Knut,Knut
KEY_FIRST_NAME_KOBE,Kobe,Kobe
KEY_FIRST_NAME_KRISTINA,Kristina,Kristina
KEY_FIRST_NAME_KRZYSZTOF,Krzysztof,Krzysztof
KEY_FIRST_NAME_LAURA,Laura,Laura
KEY_FIRST_NAME_LAURI,Lauri,Lauri
KEY_FIRST_NAME_LEAH,Leah,Horrible
KEY_FIRST_NAME_LENA,Lena,Lena
KEY_FIRST_NAME_LENNART,Lennart,Lennart
KEY_FIRST_NAME_LEO,Leo,Leo
KEY_FIRST_NAME_LEON,Leon,Leon
KEY_FIRST_NAME_LEONARD,Leonard,Leonard
KEY_FIRST_NAME_LEONIE,Léonie,Léonie
KEY_FIRST_NAME_LEVI,Levi,Levi
KEY_FIRST_NAME_LEVON,Levon,Levon
KEY_FIRST_NAME_LEWIS,Lewis,Lewis
KEY_FIRST_NAME_LIBBY,Libby,Libby
KEY_FIRST_NAME_LIISA,Liisa,Liisa
KEY_FIRST_NAME_LILIANA,Liliana,Liliana
KEY_FIRST_NAME_LILJA,Lilja,Lilja
KEY_FIRST_NAME_LILLIAN,Lillian,Lillian
KEY_FIRST_NAME_LILLY,Lilly,Lilly
KEY_FIRST_NAME_LILOU,Lilou,lilou
KEY_FIRST_NAME_LILY,Lily,Lis
KEY_FIRST_NAME_LINCOLN,Lincoln,Lincoln
KEY_FIRST_NAME_LISA,Lisa,Lisa
KEY_FIRST_NAME_LIVA,Liva,Liva
KEY_FIRST_NAME_LIZ,Liz,Liz
KEY_FIRST_NAME_LOGAN,Logan,Logan
KEY_FIRST_NAME_LOIC,Loïc,Loïc
KEY_FIRST_NAME_LOLA,Lola,Lola
KEY_FIRST_NAME_LORCAN,Lorcan,Lorcan
KEY_FIRST_NAME_LOU,Lou,Lou
KEY_FIRST_NAME_LOUIS,Louis,Louis
KEY_FIRST_NAME_LOUISE,Louise,Louise
KEY_FIRST_NAME_LOWIE,Lowie,Lowie
KEY_FIRST_NAME_LUANA,Luana,Luana
KEY_FIRST_NAME_LUCA,Luca,Luca
KEY_FIRST_NAME_LUCAS,Lucas,Lucas
KEY_FIRST_NAME_LUCIANO,Luciano,Luciano
KEY_FIRST_NAME_LUCY,Lucy,Lucy
KEY_FIRST_NAME_LUIGI,Luigi,Luigi
KEY_FIRST_NAME_LUIS,Luis,Luis
KEY_FIRST_NAME_LUKASZ,Łukasz,Łukasz
KEY_FIRST_NAME_LUKE,Luke,Luke
KEY_FIRST_NAME_LYDIA,Lydia,Lydia
KEY_FIRST_NAME_LYNN,Lynn,Lynn
KEY_FIRST_NAME_MABEL,Mabel,Mabel
KEY_FIRST_NAME_MADDIE,Maddie,Maddie
KEY_FIRST_NAME_MADDISON,Maddison,Maddison
KEY_FIRST_NAME_MADELEINE,Madeleine,Madeleine
KEY_FIRST_NAME_MADELINE,Madeline,Madeline
KEY_FIRST_NAME_MAGNUS,Magnus,Magnus
KEY_FIRST_NAME_MAHVASH,Mahvash,Mahvash
KEY_FIRST_NAME_MAITE,Maite,Maite
KEY_FIRST_NAME_MAKSIM,Maksim,Maksim
KEY_FIRST_NAME_MALAK,Malak,Malak
KEY_FIRST_NAME_MALENA,Malena,Malena
KEY_FIRST_NAME_MALGORZATA,Malgorzata,Malgorzata
KEY_FIRST_NAME_MANON,Manon,Manon
KEY_FIRST_NAME_MARCUS,Marcus,Marcus
KEY_FIRST_NAME_MARGARETA,Margareta,Margareta
KEY_FIRST_NAME_MARIA,María,María
KEY_FIRST_NAME_MARIAM,Mariam,Mariam
KEY_FIRST_NAME_MARIA_ALEJANDRA,María Alejandra,María Alejandra
KEY_FIRST_NAME_MARIA_CAMILA,María Camila,María Camila
KEY_FIRST_NAME_MARIA_FERNANDA,María Fernanda,Maria Fernanda
KEY_FIRST_NAME_MARIA_PAULA,María Paula,María Paula
KEY_FIRST_NAME_MARIKA,Marika,Marika
KEY_FIRST_NAME_MARIO,Mario,Mario
KEY_FIRST_NAME_MARION,Marion,Marion
KEY_FIRST_NAME_MARIT,Marit,Marit
KEY_FIRST_NAME_MARLEEN,Marleen,Marleen
KEY_FIRST_NAME_MARLENA,Marlena,Marlena
KEY_FIRST_NAME_MARTHA,Martha,Martha
KEY_FIRST_NAME_MARTIN,Martín,Martin
KEY_FIRST_NAME_MARTON,Márton,Márton
KEY_FIRST_NAME_MARY,Mary,Marie
KEY_FIRST_NAME_MARYAM,Maryam,Maryam
KEY_FIRST_NAME_MATEJ,Matej,Matej
KEY_FIRST_NAME_MATHIEU,Mathieu,Mathieu
KEY_FIRST_NAME_MATHILDA,Mathilda,Mathilda
KEY_FIRST_NAME_MATHILDE,Mathilde,Mathilde
KEY_FIRST_NAME_MATHIS,Mathis,Mathis
KEY_FIRST_NAME_MATIAS,Matías,Matías
KEY_FIRST_NAME_MATILDA,Matilda,Mathilde
KEY_FIRST_NAME_MATILDE,Matilde,Matilde
KEY_FIRST_NAME_MATTHEW,Matthew,Matthieu
KEY_FIRST_NAME_MATTHIAS,Matthias,Matthias
KEY_FIRST_NAME_MATTI,Matti,Matti
KEY_FIRST_NAME_MATTIA,Mattia,Mattia
KEY_FIRST_NAME_MATTIAS,Mattias,Mattias
KEY_FIRST_NAME_MAUD,Maud,Maud
KEY_FIRST_NAME_MAXIM,Maxim,Maxime
KEY_FIRST_NAME_MAXIMILIANO,Maximiliano,Maximiliano
KEY_FIRST_NAME_MAXIMILLIAN,Maximillian,Maximillian
KEY_FIRST_NAME_MEGAN,Megan,Megan
KEY_FIRST_NAME_MELANIA,Melania,Melania
KEY_FIRST_NAME_MELANIE,Melanie,Melanie
KEY_FIRST_NAME_MELISSA,Melissa,Mélisse
KEY_FIRST_NAME_METTA,Metta,Metta
KEY_FIRST_NAME_MICAELA,Micaela,Micaela
KEY_FIRST_NAME_MICHAEL,Michael,Michael
KEY_FIRST_NAME_MICHELLE,Michelle,Michelle
KEY_FIRST_NAME_MIESZKO,Mieszko,mieszko
KEY_FIRST_NAME_MIGUEL_ANGEL,Miguel Ángel,Miguel Ángel
KEY_FIRST_NAME_MIKE,Mike,Mike
KEY_FIRST_NAME_MILAN,Milan,Milan
KEY_FIRST_NAME_MILAS,Milas,Milas
KEY_FIRST_NAME_MILENA,Milena,Milena
KEY_FIRST_NAME_MILLIE,Millie,Millie
KEY_FIRST_NAME_MILOSZ,Miłosz,Miłosz
KEY_FIRST_NAME_MIRA,Mira,Mira
KEY_FIRST_NAME_MIRANDA,Miranda,Miranda
KEY_FIRST_NAME_MIRIAM,Miriam,Miriam
KEY_FIRST_NAME_MOHAMMED,Mohammed,Mohammed
KEY_FIRST_NAME_MOLLY,Molly,Molly
KEY_FIRST_NAME_MONTSERRAT,Montserrat,Montserrat
KEY_FIRST_NAME_MORGAN,Morgan,Morgan
KEY_FIRST_NAME_MUHAMMAD,Muhammad,Muhammad
KEY_FIRST_NAME_MUSTAFA,Mustafa,Mustafa
KEY_FIRST_NAME_NABIL,Nabil,Nabil
KEY_FIRST_NAME_NADER,Nader,Nader
KEY_FIRST_NAME_NADINE,Nadine,Nadine
KEY_FIRST_NAME_NARE,Nare,Nare
KEY_FIRST_NAME_NASER,Naser,Naser
KEY_FIRST_NAME_NATALIA,Natalia,Natalia
KEY_FIRST_NAME_NATALIE,Natalie,Natalie
KEY_FIRST_NAME_NATAN,Natan,Natan
KEY_FIRST_NAME_NATANIEL,Nataniel,Nataniel
KEY_FIRST_NAME_NATASHA,Natasha,Natasha
KEY_FIRST_NAME_NATHAN,Nathan,Nathan
KEY_FIRST_NAME_NATHANIEL,Nathaniel,Nathaniel
KEY_FIRST_NAME_NEIL,Neil,Neil
KEY_FIRST_NAME_NICHOLAS,Nicholas,Nicholas
KEY_FIRST_NAME_NICK,Nick,pseudo
KEY_FIRST_NAME_NICOLA,Nicola,Nicola
KEY_FIRST_NAME_NICOLAS,Nicolás,Nicolás
KEY_FIRST_NAME_NICOLAUS,Nicolaus,Nicolaus
KEY_FIRST_NAME_NICOLE,Nicole,Nicole
KEY_FIRST_NAME_NIKITA,Nikita,Nikita
KEY_FIRST_NAME_NIKLAS,Niklas,Niklas
KEY_FIRST_NAME_NIKOLA,Nikola,Nikola
KEY_FIRST_NAME_NIMROD,Nimrod,Nimrod
KEY_FIRST_NAME_NINA,Nina,Nina
KEY_FIRST_NAME_NOAH,Noah,Noé
KEY_FIRST_NAME_NOAM,Noam,Noam
KEY_FIRST_NAME_NOEL,Noel,Noel
KEY_FIRST_NAME_NOLAN,Nolan,Nolan
KEY_FIRST_NAME_NORA,Nora,Nora
KEY_FIRST_NAME_NORE,Nore,Nore
KEY_FIRST_NAME_NOUR,Nour,Nour
KEY_FIRST_NAME_NURIA,Nuria,Nuria
KEY_FIRST_NAME_OBAMA,Obama,Obama
KEY_FIRST_NAME_OLA,Ola,Ola
KEY_FIRST_NAME_OLAVI,Olavi,Olavi
KEY_FIRST_NAME_OLGA,Olga,Olga
KEY_FIRST_NAME_OLIVER,Oliver,Oliver
KEY_FIRST_NAME_OLIVIA,Olivia,Olivia
KEY_FIRST_NAME_OLIVIER,Olivier,Olivier
KEY_FIRST_NAME_OLLIE,Ollie,Ollie
KEY_FIRST_NAME_OLOF,Olof,Olof
KEY_FIRST_NAME_OLU,Olu,Olu
KEY_FIRST_NAME_OONA,Oona,Oona
KEY_FIRST_NAME_OSCAR,Oscar,oscar
KEY_FIRST_NAME_OSTEN,Östen,Östen
KEY_FIRST_NAME_OWEN,Owen,Owen
KEY_FIRST_NAME_PARVIN,Parvin,Parvin
KEY_FIRST_NAME_PATRICK,Patrick,Patrick
KEY_FIRST_NAME_PAUL,Paul,Paul
KEY_FIRST_NAME_PAULA,Paula,Paula
KEY_FIRST_NAME_PAULINA,Paulina,Paulina
KEY_FIRST_NAME_PAULINE,Pauline,Pauline
KEY_FIRST_NAME_PENELOPE,Penelope,Pénélope
KEY_FIRST_NAME_PETER,Peter,Peter
KEY_FIRST_NAME_PHILIP,Philip,Philippe
KEY_FIRST_NAME_PHOEBE,Phoebe,Phoebe
KEY_FIRST_NAME_PILI,Pili,Pili
KEY_FIRST_NAME_PIOTR,Piotr,Piotr
KEY_FIRST_NAME_POLINA,Polina,Polina
KEY_FIRST_NAME_PÅVEL,Påvel,PAVEL
KEY_FIRST_NAME_RACHEL,Rachel,Rachel
KEY_FIRST_NAME_RADOSLAW,Radoslaw,Radoslaw
KEY_FIRST_NAME_RAFAEL,Rafael,Rafael
KEY_FIRST_NAME_RAFAELA,Rafaela,Rafaela
KEY_FIRST_NAME_RAFFAELE,Raffaele,Raffaele
KEY_FIRST_NAME_RAMAZAN,Ramazan,Ramazan
KEY_FIRST_NAME_RAMON,Ramon,Ramon
KEY_FIRST_NAME_RAPHAEL,Raphael,Raphael
KEY_FIRST_NAME_RAQUEL,Raquel,Raquel
KEY_FIRST_NAME_RASHID,Rashid,Rashid
KEY_FIRST_NAME_RASMUS,Rasmus,Rasmus
KEY_FIRST_NAME_REBECA,Rebeca,Rebeca
KEY_FIRST_NAME_REBECCA,Rebecca,Rebecca
KEY_FIRST_NAME_REBEKA,Rebeka,Rebeka
KEY_FIRST_NAME_REKA,Reka,Reka
KEY_FIRST_NAME_RENATA,Renata,Renata
KEY_FIRST_NAME_RENATE,Renate,Renate
KEY_FIRST_NAME_RIAN,Rian,Rian
KEY_FIRST_NAME_RICARDO,Ricardo,Ricardo
KEY_FIRST_NAME_RICHARD,Richard,Richard
KEY_FIRST_NAME_RILEY,Riley,Riley
KEY_FIRST_NAME_RINA,Rina,Rina
KEY_FIRST_NAME_ROBBIE,Robbie,Robbie
KEY_FIRST_NAME_ROBERT,Robert,Robert
KEY_FIRST_NAME_ROBIN,Robin,rouge-gorge
KEY_FIRST_NAME_RODRIGO,Rodrigo,Rodrigo
KEY_FIRST_NAME_ROISIN,Roisin,Roisin
KEY_FIRST_NAME_ROMAIN,Romain,Romain
KEY_FIRST_NAME_ROMINA,Romina,Romina
KEY_FIRST_NAME_RONAN,Ronan,Ronan
KEY_FIRST_NAME_RORY,Rory,Rory
KEY_FIRST_NAME_ROSA,Rosa,Rosa
KEY_FIRST_NAME_ROSE,Rose,Rose
KEY_FIRST_NAME_ROSIE,Rosie,Rosie
KEY_FIRST_NAME_ROSS,Ross,Ross
KEY_FIRST_NAME_RUBY,Ruby,Rubis
KEY_FIRST_NAME_RUSLAN,Ruslan,Ruslan
KEY_FIRST_NAME_RUTH,Ruth,Ruth
KEY_FIRST_NAME_RYAN,Ryan,Ryan
KEY_FIRST_NAME_SAAR,Saar,Sarre
KEY_FIRST_NAME_SABINE,Sabine,Sabine
KEY_FIRST_NAME_SADIE,Sadie,Sadie
KEY_FIRST_NAME_SAID,Said,M'a dit
KEY_FIRST_NAME_SALOME,Salomé,salomé
KEY_FIRST_NAME_SAM,Sam,Sam
KEY_FIRST_NAME_SAMANTHA,Samantha,Samantha
KEY_FIRST_NAME_SAMI,Sami,Sami
KEY_FIRST_NAME_SAMMER,Sammer,Sammer
KEY_FIRST_NAME_SAMUEL,Samuel,Samuel
KEY_FIRST_NAME_SANNI,Sanni,Sanni
KEY_FIRST_NAME_SANTIAGO,Santiago,Santiago
KEY_FIRST_NAME_SANTINO,Santino,Santino
KEY_FIRST_NAME_SARA,Sara,Sara
KEY_FIRST_NAME_SARAH,Sarah,Sarah
KEY_FIRST_NAME_SCOTT,Scott,Scott
KEY_FIRST_NAME_SEAMUS,Seamus,Seamus
KEY_FIRST_NAME_SEAN,Sean,Sean
KEY_FIRST_NAME_SEBASTIAN,Sebastián,Sébastien
KEY_FIRST_NAME_SERENA,Serena,Serena
KEY_FIRST_NAME_SERGEY,Sergey,Sergey
KEY_FIRST_NAME_SHANE,Shane,Shane
KEY_FIRST_NAME_SHELBY,Shelby,Shelby
KEY_FIRST_NAME_SHIRA,Shira,Shira
KEY_FIRST_NAME_SIGMUND,Sigmund,Sigmund
KEY_FIRST_NAME_SIGRID,Sigrid,Sigrid
KEY_FIRST_NAME_SILAS,Silas,Silas
KEY_FIRST_NAME_SIMONE,Simone,Simone
KEY_FIRST_NAME_SOFIA,Sofia,Sofia
KEY_FIRST_NAME_SONE,Sone,Sone
KEY_FIRST_NAME_SONIA,Sonia,Sonia
KEY_FIRST_NAME_SOPHIA,Sophia,Sophia
KEY_FIRST_NAME_SOPHIE,Sophie,Sophie
KEY_FIRST_NAME_SOREN,Sören,Sören
KEY_FIRST_NAME_STAN,Stan,Stan
KEY_FIRST_NAME_STANISLAS,Stanislas,Stanislas
KEY_FIRST_NAME_STANISLAW,Stanislaw,stanislaw
KEY_FIRST_NAME_STEFAN,Stefan,Stefan
KEY_FIRST_NAME_STEFANO,Stefano,Stefano
KEY_FIRST_NAME_STELLA,Stella,Stella
KEY_FIRST_NAME_STEPHEN,Stephen,Stephen
KEY_FIRST_NAME_STEVEN,Steven,Steven
KEY_FIRST_NAME_STIJN,Stijn,Stijn
KEY_FIRST_NAME_STINA,Stina,Stina
KEY_FIRST_NAME_SUNE,Sune,Sune
KEY_FIRST_NAME_SUREN,Suren,Suren
KEY_FIRST_NAME_SVANTE,Svante,Svante
KEY_FIRST_NAME_TADEUSZ,Tadeusz,Tadeusz
KEY_FIRST_NAME_TAHIR,Tahir,Tahir
KEY_FIRST_NAME_TAMAR,Tamar,Tamar
KEY_FIRST_NAME_TAMAS,Tamás,Tamás
KEY_FIRST_NAME_TAPANI,Tapani,Tapani
KEY_FIRST_NAME_TAPIO,Tapio,Tapio
KEY_FIRST_NAME_TARA,Tara,Tara
KEY_FIRST_NAME_TARANA,Tarana,Tarana
KEY_FIRST_NAME_THEODORE,Theodore,Theodore
KEY_FIRST_NAME_THIAGO,Thiago,Thiago
KEY_FIRST_NAME_THIBAULT,Thibault,Thibault
KEY_FIRST_NAME_THIJS,Thijs,Thijs
KEY_FIRST_NAME_THOMAS,Thomas,Thomas
KEY_FIRST_NAME_THOR,Thor,Thor
KEY_FIRST_NAME_TIA,Tia,Tia
KEY_FIRST_NAME_TIGRAN,Tigran,Tigran
KEY_FIRST_NAME_TIM,Tim,Tim
KEY_FIRST_NAME_TIRANA,Tirana,Tirana
KEY_FIRST_NAME_TOBIAS,Tobias,Tobias
KEY_FIRST_NAME_TOBY,Toby,Toby
KEY_FIRST_NAME_TOIVO,Toivo,Toivo
KEY_FIRST_NAME_TOM,Tom,À M
KEY_FIRST_NAME_TOMMASO,Tommaso,Tommaso
KEY_FIRST_NAME_TOMMY,Tommy,Tommy
KEY_FIRST_NAME_TORSTEN,Torsten,Torsten
KEY_FIRST_NAME_TRISTAN,Tristan,Tristan
KEY_FIRST_NAME_TURAL,Tural,Tural
KEY_FIRST_NAME_TYLER,Tyler,Tyler
KEY_FIRST_NAME_URSULA,Ursula,Ursula
KEY_FIRST_NAME_URSZULA,Urszula,Urszula
KEY_FIRST_NAME_VACLAV,Vaclav,Václav
KEY_FIRST_NAME_VAHAN,Vahan,Vahan
KEY_FIRST_NAME_VAHE,Vahe,Vahe
KEY_FIRST_NAME_VALDEMAR,Valdemar,Valdemar
KEY_FIRST_NAME_VALENTINA,Valentina,Valentina
KEY_FIRST_NAME_VALENTINO,Valentino,Valentino
KEY_FIRST_NAME_VALERIA,Valeria,Valeria
KEY_FIRST_NAME_VALERY,Valery,Valery
KEY_FIRST_NAME_VANESSA,Vanessa,Vanessa
KEY_FIRST_NAME_VARDAN,Vardan,Vardan
KEY_FIRST_NAME_VEERA,Veera,Veera
KEY_FIRST_NAME_VICENTE,Vicente,Vicente
KEY_FIRST_NAME_VICTOR,Victor,Victor
KEY_FIRST_NAME_VICTORIA,Victoria,Victoria
KEY_FIRST_NAME_VIGGO,Viggo,Viggo
KEY_FIRST_NAME_VILMA,Vilma,Vilma
KEY_FIRST_NAME_VINCE,Vince,Vince
KEY_FIRST_NAME_VINCENZO,Vincenzo,Vincenzo
KEY_FIRST_NAME_VIOLET,Violet,Violet
KEY_FIRST_NAME_VIOLETA,Violeta,Violeta
KEY_FIRST_NAME_VIVIEN,Vivien,Vivien
KEY_FIRST_NAME_WAHID,Wahid,Wahid
KEY_FIRST_NAME_WALTER,Walter,Walter
KEY_FIRST_NAME_WANGU,Wangu,Wangu
KEY_FIRST_NAME_WERNER,Werner,Werner
KEY_FIRST_NAME_WILHELM,Wilhelm,Wilhelm
KEY_FIRST_NAME_WILLIAM,William,William
KEY_FIRST_NAME_WITOLD,Witold,Witold
KEY_FIRST_NAME_WOJCIECH,Wojciech,Wojciech
KEY_FIRST_NAME_XAVIER,Xavier,Xavier
KEY_FIRST_NAME_YAEL,Yael,Yael
KEY_FIRST_NAME_YAHYA,Yahya,Yahya
KEY_FIRST_NAME_YARO,Yaro,Yaro
KEY_FIRST_NAME_YASMINE,Yasmine,Yasmine
KEY_FIRST_NAME_YOSEF,Yosef,Yossef
KEY_FIRST_NAME_YOUNES,Younes,Younes
KEY_FIRST_NAME_YOUSIF,Yousif,Yousif
KEY_FIRST_NAME_YOUSSEF,Youssef,Youssef
KEY_FIRST_NAME_ZSOLT,Zsolt,Zsolt
KEY_FIRST_NAME_ZUZANA,Zuzana,Zuzana
